,Date,Traffic_volume
0,2015-10-27,3713.1428571428573
1,2015-10-28,3594.682926829268
2,2015-10-29,3368.409090909091
3,2015-10-30,3750.5
4,2015-10-31,2711.9565217391305
5,2015-11-01,2306.0
6,2015-11-02,3543.3076923076924
7,2015-11-03,3553.4375
8,2015-11-04,3889.6666666666665
9,2015-11-05,4066.285714285714
10,2015-11-06,3943.846153846154
11,2015-11-07,2827.4615384615386
12,2015-11-08,2271.3076923076924
13,2015-11-09,3216.285714285714
14,2015-11-10,3665.0
15,2015-11-11,2993.5
16,2015-11-12,2949.05
17,2015-11-13,3380.6153846153848
18,2015-11-14,3012.0714285714284
19,2015-11-15,2159.0588235294117
20,2015-11-16,3279.6
21,2015-11-17,3633.3823529411766
22,2015-11-18,3421.36
23,2015-11-19,2795.470588235294
24,2015-11-20,3380.9285714285716
25,2015-11-21,3145.4615384615386
26,2015-11-22,2341.785714285714
27,2015-11-23,3446.3076923076924
28,2015-11-24,3350.0
29,2015-11-25,3450.076923076923
30,2015-11-26,2016.6363636363637
31,2015-11-27,2716.846153846154
32,2015-11-28,2810.214285714286
33,2015-11-29,2560.846153846154
34,2015-11-30,3031.8333333333335
35,2015-12-01,3221.1304347826085
36,2015-12-02,3263.6315789473683
37,2015-12-03,3792.0
38,2015-12-04,3879.846153846154
39,2015-12-05,3030.3846153846152
40,2015-12-06,2482.95
41,2015-12-07,2781.0
42,2015-12-08,3826.277777777778
43,2015-12-09,2939.0555555555557
44,2015-12-10,3996.125
45,2015-12-11,3839.0714285714284
46,2015-12-12,3093.294117647059
47,2015-12-13,2290.7391304347825
48,2015-12-14,3961.1739130434785
49,2015-12-15,4143.235294117647
50,2015-12-16,3767.9444444444443
51,2015-12-17,3894.5
52,2015-12-18,3794.076923076923
53,2015-12-19,2774.733333333333
54,2015-12-20,2200.777777777778
55,2015-12-21,3256.0666666666666
56,2015-12-22,3828.769230769231
57,2015-12-23,4083.7083333333335
58,2015-12-24,2600.6428571428573
59,2015-12-25,1559.25
60,2015-12-26,1478.148148148148
61,2015-12-27,2256.8947368421054
62,2015-12-28,2666.9523809523807
63,2015-12-29,2360.1724137931033
64,2015-12-30,3227.470588235294
65,2015-12-31,3560.230769230769
66,2016-01-01,1815.2105263157894
67,2016-01-02,2278.777777777778
68,2016-01-03,2202.153846153846
69,2016-01-04,3899.5714285714284
70,2016-01-05,3595.294117647059
71,2016-01-06,3093.6363636363635
72,2016-01-07,3209.34375
73,2016-01-08,3017.3030303030305
74,2016-01-09,2877.875
75,2016-01-10,2315.9333333333334
76,2016-01-11,2918.695652173913
77,2016-01-12,2976.8125
78,2016-01-13,3210.9375
79,2016-01-14,3793.1428571428573
80,2016-01-15,3233.2105263157896
81,2016-01-16,2848.3888888888887
82,2016-01-17,2006.0588235294117
83,2016-01-18,3087.0714285714284
84,2016-01-19,3502.5384615384614
85,2016-01-20,3613.4074074074074
86,2016-01-21,3769.5666666666666
87,2016-01-22,3897.3333333333335
88,2016-01-23,2902.875
89,2016-01-24,2557.1304347826085
90,2016-01-25,3732.5714285714284
91,2016-01-26,3291.6
92,2016-01-27,3359.875
93,2016-01-28,3646.222222222222
94,2016-01-29,3570.782608695652
95,2016-01-30,2733.4166666666665
96,2016-01-31,2287.0
97,2016-02-01,3950.269230769231
98,2016-02-02,2463.4827586206898
99,2016-02-03,2540.3076923076924
100,2016-02-04,3436.909090909091
101,2016-02-05,3854.9032258064517
102,2016-02-06,2748.064516129032
103,2016-02-07,2296.3333333333335
104,2016-02-08,3667.375
105,2016-02-09,3793.681818181818
106,2016-02-10,3371.1666666666665
107,2016-02-11,3443.2105263157896
108,2016-02-12,3878.9444444444443
109,2016-02-13,2721.55
110,2016-02-14,2264.8260869565215
111,2016-02-15,3098.8260869565215
112,2016-02-16,2853.464285714286
113,2016-02-17,3051.5
114,2016-02-18,3495.714285714286
115,2016-02-19,4216.75
116,2016-02-20,3085.785714285714
117,2016-02-21,2564.2
118,2016-02-22,3214.8333333333335
119,2016-02-23,3997.21875
120,2016-02-24,3100.0666666666666
121,2016-02-25,3893.0
122,2016-02-26,3795.0
123,2016-02-27,2969.0
124,2016-02-28,2778.1428571428573
125,2016-02-29,3670.923076923077
126,2016-03-01,3871.5714285714284
127,2016-03-02,3482.769230769231
128,2016-03-03,3975.181818181818
129,2016-03-04,4238.736842105263
130,2016-03-05,2979.923076923077
131,2016-03-06,2208.9333333333334
132,2016-03-07,3848.3125
133,2016-03-08,3666.8333333333335
134,2016-03-09,3972.35
135,2016-03-10,3753.8571428571427
136,2016-03-11,3843.8
137,2016-03-12,3265.0
138,2016-03-13,2284.409090909091
139,2016-03-14,3186.264705882353
140,2016-03-15,3979.294117647059
141,2016-03-16,3287.9545454545455
142,2016-03-17,3309.689655172414
143,2016-03-18,3488.875
144,2016-03-19,2493.9565217391305
145,2016-03-20,2721.1428571428573
146,2016-03-21,3294.0
147,2016-03-22,3678.375
148,2016-03-23,3680.5652173913045
149,2016-03-24,3486.5625
150,2016-03-25,3490.8888888888887
151,2016-03-26,2506.3076923076924
152,2016-03-27,1462.9655172413793
153,2016-03-28,3050.315789473684
154,2016-03-29,3919.5882352941176
155,2016-03-30,3902.185185185185
156,2016-03-31,4192.789473684211
157,2016-04-01,4205.555555555556
158,2016-04-02,3096.75
159,2016-04-03,2686.214285714286
160,2016-04-04,3485.5882352941176
161,2016-04-05,4116.615384615385
162,2016-04-06,3524.846153846154
163,2016-04-07,4124.59375
164,2016-04-08,3917.4074074074074
165,2016-04-09,2957.4285714285716
166,2016-04-10,2551.5555555555557
167,2016-04-11,3371.235294117647
168,2016-04-12,3861.705882352941
169,2016-04-13,3265.904761904762
170,2016-04-14,4011.8636363636365
171,2016-04-15,3769.1428571428573
172,2016-04-16,3009.0
173,2016-04-17,2400.45
174,2016-04-18,3663.52
175,2016-04-19,3435.0588235294117
176,2016-04-20,3876.5263157894738
177,2016-04-21,3731.4634146341464
178,2016-04-22,3940.5238095238096
179,2016-04-23,2956.0
180,2016-04-24,2829.7166666666667
181,2016-04-25,3367.061224489796
182,2016-04-26,3623.0
183,2016-04-27,3839.8571428571427
184,2016-04-28,3747.6382978723404
185,2016-04-29,3419.266666666667
186,2016-04-30,3125.0833333333335
187,2016-05-01,2659.9583333333335
188,2016-05-02,3454.7916666666665
189,2016-05-03,3683.75
190,2016-05-04,3817.25
191,2016-05-05,3959.7083333333335
192,2016-05-06,3831.0
193,2016-05-07,2627.121212121212
194,2016-05-08,2743.25
195,2016-05-09,3291.1875
196,2016-05-10,3633.1521739130435
197,2016-05-11,3910.875
198,2016-05-12,3387.5333333333333
199,2016-05-13,4126.59375
200,2016-05-14,2810.5416666666665
201,2016-05-15,2681.9583333333335
202,2016-05-16,3432.608695652174
203,2016-05-17,3628.1666666666665
204,2016-05-18,3617.0416666666665
205,2016-05-19,3724.1666666666665
206,2016-05-20,3843.4583333333335
207,2016-05-21,3080.9583333333335
208,2016-05-22,2601.9583333333335
209,2016-05-23,3522.7586206896553
210,2016-05-24,3679.3703703703704
211,2016-05-25,3884.344827586207
212,2016-05-26,3236.09375
213,2016-05-27,4044.7368421052633
214,2016-05-28,2663.777777777778
215,2016-05-29,2094.6774193548385
216,2016-05-30,1858.96875
217,2016-05-31,3660.464285714286
218,2016-06-01,3717.0416666666665
219,2016-06-02,3744.2083333333335
220,2016-06-03,4149.75
221,2016-06-04,3109.09375
222,2016-06-05,2728.0
223,2016-06-06,3645.64
224,2016-06-07,3774.2916666666665
225,2016-06-08,3889.5416666666665
226,2016-06-09,3798.4583333333335
227,2016-06-10,3838.375
228,2016-06-11,2862.1666666666665
229,2016-06-12,2581.375
230,2016-06-13,3563.75
231,2016-06-14,3614.7083333333335
232,2016-06-15,3834.9583333333335
233,2016-06-16,3926.375
234,2016-06-17,3884.125
235,2016-06-18,3433.7083333333335
236,2016-06-19,3009.0
237,2016-06-20,3646.5
238,2016-06-21,3772.5416666666665
239,2016-06-22,3864.7916666666665
240,2016-06-23,3973.3333333333335
241,2016-06-24,3979.1923076923076
242,2016-06-25,2899.92
243,2016-06-26,2547.625
244,2016-06-27,3287.2083333333335
245,2016-06-28,3441.125
246,2016-06-29,3427.5
247,2016-06-30,3396.04
248,2016-07-01,3314.8333333333335
249,2016-07-02,2350.0416666666665
250,2016-07-03,2148.0
251,2016-07-04,1944.9166666666667
252,2016-07-05,3098.9142857142856
253,2016-07-06,3500.0
254,2016-07-07,3270.1785714285716
255,2016-07-08,3336.5
256,2016-07-09,1893.3793103448277
257,2016-07-10,2288.212121212121
258,2016-07-11,3108.92
259,2016-07-12,3124.5
260,2016-07-13,3372.375
261,2016-07-14,3476.9166666666665
262,2016-07-15,3478.875
263,2016-07-16,2714.75
264,2016-07-17,2388.3333333333335
265,2016-07-18,3210.7083333333335
266,2016-07-19,3261.0
267,2016-07-20,3389.125
268,2016-07-21,3414.7586206896553
269,2016-07-22,2718.9333333333334
270,2016-07-23,192.94285714285715
271,2016-07-24,825.3333333333334
272,2016-07-25,3286.875
273,2016-07-26,3344.5
274,2016-07-27,3790.285714285714
275,2016-07-28,3420.6666666666665
276,2016-07-29,3195.6666666666665
277,2016-07-30,2225.125
278,2016-07-31,2137.9166666666665
279,2016-08-01,3288.7083333333335
280,2016-08-02,3485.25
281,2016-08-03,3421.1428571428573
282,2016-08-04,3495.9583333333335
283,2016-08-05,3599.5416666666665
284,2016-08-06,3132.4583333333335
285,2016-08-07,2828.875
286,2016-08-08,3329.25
287,2016-08-09,3456.875
288,2016-08-10,3363.0
289,2016-08-11,3552.7916666666665
290,2016-08-12,3434.875
291,2016-08-13,2652.0416666666665
292,2016-08-14,2446.0416666666665
293,2016-08-15,3281.125
294,2016-08-16,3326.25
295,2016-08-17,3441.2083333333335
296,2016-08-18,3422.4583333333335
297,2016-08-19,3559.0416666666665
298,2016-08-20,2915.5862068965516
299,2016-08-21,2467.5833333333335
300,2016-08-22,3378.8333333333335
301,2016-08-23,2969.4545454545455
302,2016-08-24,2735.529411764706
303,2016-08-25,3612.0
304,2016-08-26,3609.4
305,2016-08-27,3015.125
306,2016-08-28,2246.818181818182
307,2016-08-29,3260.2
308,2016-08-30,2794.0967741935483
309,2016-08-31,3241.1428571428573
310,2016-09-01,3265.095238095238
311,2016-09-02,3493.0
312,2016-09-03,2621.7083333333335
313,2016-09-04,2469.1153846153848
314,2016-09-05,1868.35
315,2016-09-06,3096.1702127659573
316,2016-09-07,3617.909090909091
317,2016-09-08,3455.0833333333335
318,2016-09-09,3069.5666666666666
319,2016-09-10,3041.08
320,2016-09-11,2703.5416666666665
321,2016-09-12,3367.769230769231
322,2016-09-13,3472.2
323,2016-09-14,3484.75
324,2016-09-15,3539.0967741935483
325,2016-09-16,3101.814814814815
326,2016-09-17,2970.0833333333335
327,2016-09-18,2617.5
328,2016-09-19,3317.1666666666665
329,2016-09-20,3420.7391304347825
330,2016-09-21,3569.5833333333335
331,2016-09-22,3404.25
332,2016-09-23,3402.4583333333335
333,2016-09-24,2957.0
334,2016-09-25,2507.0833333333335
335,2016-09-26,3295.9583333333335
336,2016-09-27,3260.2916666666665
337,2016-09-28,3396.25
338,2016-09-29,3466.36
339,2016-09-30,3540.375
340,2016-10-01,2843.9166666666665
341,2016-10-02,2492.0833333333335
342,2016-10-03,3285.1666666666665
343,2016-10-04,3460.5833333333335
344,2016-10-05,3477.4583333333335
345,2016-10-06,3411.3333333333335
346,2016-10-07,3510.25
347,2016-10-08,3137.0
348,2016-10-09,2597.391304347826
349,2016-10-10,3237.782608695652
350,2016-10-11,3407.6666666666665
351,2016-10-12,3292.5833333333335
352,2016-10-13,3501.7916666666665
353,2016-10-14,3583.782608695652
354,2016-10-15,2677.5238095238096
355,2016-10-16,2562.6363636363635
356,2016-10-17,3331.4166666666665
357,2016-10-18,3462.7916666666665
358,2016-10-19,3396.0
359,2016-10-20,3678.684210526316
360,2016-10-21,3529.8695652173915
361,2016-10-22,2660.478260869565
362,2016-10-23,2533.9166666666665
363,2016-10-24,3234.875
364,2016-10-25,3293.5
365,2016-10-26,3300.2916666666665
366,2016-10-27,3517.5416666666665
367,2016-10-28,3575.6666666666665
368,2016-10-29,2775.2083333333335
369,2016-10-30,2202.875
370,2016-10-31,3225.125
371,2016-11-01,3491.125
372,2016-11-02,3282.72
373,2016-11-03,3721.16
374,2016-11-04,3683.769230769231
375,2016-11-05,2672.0
376,2016-11-06,2124.84
377,2016-11-07,3260.8333333333335
378,2016-11-08,3307.875
379,2016-11-09,3544.32
380,2016-11-10,3449.3333333333335
381,2016-11-11,3442.1666666666665
382,2016-11-12,2646.625
383,2016-11-13,2116.2916666666665
384,2016-11-14,3145.44
385,2016-11-15,2896.972972972973
386,2016-11-16,3020.8888888888887
387,2016-11-17,3617.6666666666665
388,2016-11-18,3652.9464285714284
389,2016-11-19,2710.3333333333335
390,2016-11-20,2231.5
391,2016-11-21,3265.6666666666665
392,2016-11-22,3273.8076923076924
393,2016-11-23,3074.8627450980393
394,2016-11-24,2219.190476190476
395,2016-11-25,2011.3
396,2016-11-26,1936.157894736842
397,2016-11-27,2014.4727272727273
398,2016-11-28,2935.7843137254904
399,2016-11-29,2869.948717948718
400,2016-11-30,3125.2131147540986
401,2016-12-01,3225.5862068965516
402,2016-12-02,3857.9583333333335
403,2016-12-03,3043.08
404,2016-12-04,2281.5526315789475
405,2016-12-05,3769.0666666666666
406,2016-12-06,3614.375
407,2016-12-07,3915.0384615384614
408,2016-12-08,3450.535714285714
409,2016-12-09,4016.3703703703704
410,2016-12-10,2875.7741935483873
411,2016-12-11,1904.8653846153845
412,2016-12-12,3556.9736842105262
413,2016-12-13,3639.2916666666665
414,2016-12-14,3868.3333333333335
415,2016-12-15,3637.625
416,2016-12-16,2682.871794871795
417,2016-12-17,1696.725
418,2016-12-18,1948.4347826086957
419,2016-12-19,3223.846153846154
420,2016-12-20,3688.9166666666665
421,2016-12-21,3558.4166666666665
422,2016-12-22,3538.3333333333335
423,2016-12-23,3607.0714285714284
424,2016-12-24,2450.4285714285716
425,2016-12-25,1498.9016393442623
426,2016-12-26,2197.1111111111113
427,2016-12-27,3150.75
428,2016-12-28,3375.9166666666665
429,2016-12-29,3431.9166666666665
430,2016-12-30,3405.5833333333335
431,2016-12-31,2686.375
432,2017-01-01,2127.625
433,2017-01-02,2376.3809523809523
434,2017-01-03,2675.1290322580644
435,2017-01-04,3405.24
436,2017-01-05,2900.8387096774195
437,2017-01-06,3330.653846153846
438,2017-01-07,2749.75
439,2017-01-08,2316.7916666666665
440,2017-01-09,3450.969696969697
441,2017-01-10,3079.4594594594596
442,2017-01-11,2942.1935483870966
443,2017-01-12,3722.8846153846152
444,2017-01-13,3639.7916666666665
445,2017-01-14,2752.0833333333335
446,2017-01-15,2113.714285714286
447,2017-01-16,2790.1
448,2017-01-17,3311.2
449,2017-01-18,3301.4166666666665
450,2017-01-19,3340.0
451,2017-01-20,3359.1403508771928
452,2017-01-21,2977.1290322580644
453,2017-01-22,1960.179487179487
454,2017-01-23,3535.0
455,2017-01-24,3356.08
456,2017-01-25,3530.4827586206898
457,2017-01-26,3788.5
458,2017-01-27,3813.5416666666665
459,2017-01-28,3026.875
460,2017-01-29,2424.625
461,2017-01-30,2897.2195121951218
462,2017-01-31,2695.7179487179487
463,2017-02-01,3614.4583333333335
464,2017-02-02,3627.6666666666665
465,2017-02-03,3854.0
466,2017-02-04,3030.25
467,2017-02-05,2422.0833333333335
468,2017-02-06,3441.0833333333335
469,2017-02-07,3508.0
470,2017-02-08,3790.2916666666665
471,2017-02-09,3701.9583333333335
472,2017-02-10,3564.125
473,2017-02-11,2738.0
474,2017-02-12,2245.551724137931
475,2017-02-13,3612.0625
476,2017-02-14,3869.6521739130435
477,2017-02-15,3675.75
478,2017-02-16,3831.625
479,2017-02-17,3844.625
480,2017-02-18,3070.0
481,2017-02-19,2618.5833333333335
482,2017-02-20,3103.4166666666665
483,2017-02-21,3925.6363636363635
484,2017-02-22,3383.243902439024
485,2017-02-23,3891.2916666666665
486,2017-02-24,3613.9615384615386
487,2017-02-25,3008.9166666666665
488,2017-02-26,2563.875
489,2017-02-27,3669.2916666666665
490,2017-02-28,3790.527777777778
491,2017-03-01,3371.935483870968
492,2017-03-02,3818.375
493,2017-03-03,3831.846153846154
494,2017-03-04,2981.0
495,2017-03-05,2660.1666666666665
496,2017-03-06,3700.4375
497,2017-03-07,3758.7916666666665
498,2017-03-08,3815.25
499,2017-03-09,3985.4166666666665
500,2017-03-10,4013.5416666666665
501,2017-03-11,3293.8333333333335
502,2017-03-12,2459.875
503,2017-03-13,2828.448275862069
504,2017-03-14,3576.7916666666665
505,2017-03-15,3654.1739130434785
506,2017-03-16,3857.3333333333335
507,2017-03-17,3897.32
508,2017-03-18,3111.4583333333335
509,2017-03-19,2615.0
510,2017-03-20,3487.5833333333335
511,2017-03-21,3729.913043478261
512,2017-03-22,3706.2916666666665
513,2017-03-23,3824.7073170731705
514,2017-03-24,3411.8636363636365
515,2017-03-25,2915.9285714285716
516,2017-03-26,2144.607843137255
517,2017-03-27,3849.451612903226
518,2017-03-28,3897.36
519,2017-03-29,3496.448275862069
520,2017-03-30,3480.310344827586
521,2017-03-31,3950.125
522,2017-04-01,3124.5416666666665
523,2017-04-02,2873.8928571428573
524,2017-04-03,3869.5
525,2017-04-04,3153.0344827586205
526,2017-04-05,3739.0416666666665
527,2017-04-06,3840.0
528,2017-04-07,3834.217391304348
529,2017-04-08,2884.1666666666665
530,2017-04-09,2642.4666666666667
531,2017-04-10,3388.6511627906975
532,2017-04-11,3013.8709677419356
533,2017-04-12,3534.9166666666665
534,2017-04-13,3710.5185185185187
535,2017-04-14,3864.609756097561
536,2017-04-15,2247.8596491228072
537,2017-04-16,2597.75
538,2017-04-17,3667.5833333333335
539,2017-04-18,3890.633333333333
540,2017-04-19,3538.775
541,2017-04-20,3538.431818181818
542,2017-04-21,4024.925925925926
543,2017-04-22,3254.3333333333335
544,2017-04-23,2607.625
545,2017-04-24,3612.52
546,2017-04-25,3454.125
547,2017-04-26,3512.3636363636365
548,2017-04-27,3701.375
549,2017-04-28,4045.8333333333335
550,2017-04-29,3171.0416666666665
551,2017-04-30,2668.5151515151515
552,2017-05-01,3657.8088235294117
553,2017-05-02,3078.878787878788
554,2017-05-03,3759.4583333333335
555,2017-05-04,3869.875
556,2017-05-05,3919.6666666666665
557,2017-05-06,3207.3333333333335
558,2017-05-07,2730.2083333333335
559,2017-05-08,3109.4375
560,2017-05-09,3218.9285714285716
561,2017-05-10,3843.923076923077
562,2017-05-11,3912.75
563,2017-05-12,4000.5833333333335
564,2017-05-13,3075.875
565,2017-05-14,2795.4166666666665
566,2017-05-15,3809.1666666666665
567,2017-05-16,3594.4761904761904
568,2017-05-17,3482.4561403508774
569,2017-05-18,3359.0476190476193
570,2017-05-19,3770.9166666666665
571,2017-05-20,3123.7608695652175
572,2017-05-21,2483.4
573,2017-05-22,3309.730769230769
574,2017-05-23,3591.4444444444443
575,2017-05-24,3770.375
576,2017-05-25,3786.346153846154
577,2017-05-26,3593.3333333333335
578,2017-05-27,2536.0
579,2017-05-28,2511.074074074074
580,2017-05-29,2282.230769230769
581,2017-05-30,3647.08
582,2017-05-31,3717.4166666666665
583,2017-06-01,3763.5
584,2017-06-02,3801.0833333333335
585,2017-06-03,2942.2083333333335
586,2017-06-04,3012.75
587,2017-06-05,3606.9583333333335
588,2017-06-06,3613.8333333333335
589,2017-06-07,3529.925925925926
590,2017-06-08,3851.125
591,2017-06-09,3771.625
592,2017-06-10,2938.9166666666665
593,2017-06-11,2652.054054054054
594,2017-06-12,3375.4473684210525
595,2017-06-13,3687.9583333333335
596,2017-06-14,3059.03125
597,2017-06-15,3794.2916666666665
598,2017-06-16,3545.76
599,2017-06-17,2894.1923076923076
600,2017-06-18,2446.0689655172414
601,2017-06-19,3515.5
602,2017-06-20,3641.5925925925926
603,2017-06-21,3819.44
604,2017-06-22,4280.171428571429
605,2017-06-23,3944.0416666666665
606,2017-06-24,3171.8214285714284
607,2017-06-25,2802.259259259259
608,2017-06-26,3472.8333333333335
609,2017-06-27,3603.9166666666665
610,2017-06-28,3980.311111111111
611,2017-06-29,3786.8333333333335
612,2017-06-30,3872.09375
613,2017-07-01,2623.9615384615386
614,2017-07-02,2636.8
615,2017-07-03,2893.7916666666665
616,2017-07-04,2133.5416666666665
617,2017-07-05,3150.714285714286
618,2017-07-06,3778.037037037037
619,2017-07-07,3719.32
620,2017-07-08,2543.1481481481483
621,2017-07-09,2357.214285714286
622,2017-07-10,3188.9166666666665
623,2017-07-11,3597.074074074074
624,2017-07-12,3460.576923076923
625,2017-07-13,3579.6785714285716
626,2017-07-14,3870.5416666666665
627,2017-07-15,2815.9166666666665
628,2017-07-16,2672.4166666666665
629,2017-07-17,3218.4285714285716
630,2017-07-18,3241.3636363636365
631,2017-07-19,3354.6739130434785
632,2017-07-20,3760.6666666666665
633,2017-07-21,3521.0967741935483
634,2017-07-22,2810.56
635,2017-07-23,2612.5
636,2017-07-24,3356.703703703704
637,2017-07-25,3580.4324324324325
638,2017-07-26,3894.2820512820513
639,2017-07-27,3890.1666666666665
640,2017-07-28,3925.6
641,2017-07-29,2882.9166666666665
642,2017-07-30,2785.375
643,2017-07-31,3558.7083333333335
644,2017-08-01,3692.1666666666665
645,2017-08-02,3714.0
646,2017-08-03,4313.0888888888885
647,2017-08-04,3621.24
648,2017-08-05,2975.5384615384614
649,2017-08-06,2845.633333333333
650,2017-08-07,3398.970588235294
651,2017-08-08,3815.125
652,2017-08-09,4104.95
653,2017-08-10,3225.794117647059
654,2017-08-11,3770.5333333333333
655,2017-08-12,3001.0
656,2017-08-13,2556.1666666666665
657,2017-08-14,3148.5588235294117
658,2017-08-15,3739.9444444444443
659,2017-08-16,3852.885714285714
660,2017-08-17,3671.2444444444445
661,2017-08-18,4189.794117647059
662,2017-08-19,2625.1176470588234
663,2017-08-20,2653.92
664,2017-08-21,4154.878787878788
665,2017-08-22,3772.2916666666665
666,2017-08-23,3812.8333333333335
667,2017-08-24,3863.28
668,2017-08-25,3831.1875
669,2017-08-26,2748.793103448276
670,2017-08-27,2607.9310344827586
671,2017-08-28,3712.75
672,2017-08-29,3880.4333333333334
673,2017-08-30,3885.2083333333335
674,2017-08-31,4055.5
675,2017-09-01,3484.6363636363635
676,2017-09-02,2676.3214285714284
677,2017-09-03,2753.3333333333335
678,2017-09-04,2525.6785714285716
679,2017-09-05,3642.4166666666665
680,2017-09-06,3744.7916666666665
681,2017-09-07,3496.3333333333335
682,2017-09-08,3900.7083333333335
683,2017-09-09,2867.25
684,2017-09-10,2415.7916666666665
685,2017-09-11,3529.08
686,2017-09-12,3573.3055555555557
687,2017-09-13,3721.5
688,2017-09-14,3895.0833333333335
689,2017-09-15,4063.12
690,2017-09-16,2967.064516129032
691,2017-09-17,2564.25
692,2017-09-18,3778.4545454545455
693,2017-09-19,3789.12
694,2017-09-20,3703.8
695,2017-09-21,3716.1428571428573
696,2017-09-22,4128.607142857143
697,2017-09-23,3210.04
698,2017-09-24,2750.1666666666665
699,2017-09-25,3366.0
700,2017-09-26,3573.324324324324
701,2017-09-27,3869.1304347826085
702,2017-09-28,3822.2916666666665
703,2017-09-29,4044.36
704,2017-09-30,3378.52
705,2017-10-01,2758.962962962963
706,2017-10-02,3137.891304347826
707,2017-10-03,3026.5789473684213
708,2017-10-04,3702.2916666666665
709,2017-10-05,3985.4074074074074
710,2017-10-06,4023.66
711,2017-10-07,2805.2045454545455
712,2017-10-08,2573.5416666666665
713,2017-10-09,3496.625
714,2017-10-10,3845.24
715,2017-10-11,3753.2916666666665
716,2017-10-12,3961.6153846153848
717,2017-10-13,4052.4166666666665
718,2017-10-14,3552.5
719,2017-10-15,2220.181818181818
720,2017-10-16,3647.6666666666665
721,2017-10-17,3726.2916666666665
722,2017-10-18,3832.0
723,2017-10-19,3783.5416666666665
724,2017-10-20,3847.5833333333335
725,2017-10-21,2925.8333333333335
726,2017-10-22,2726.375
727,2017-10-23,3584.8333333333335
728,2017-10-24,3826.3333333333335
729,2017-10-25,3743.9583333333335
730,2017-10-26,3630.222222222222
731,2017-10-27,3725.7166666666667
732,2017-10-28,3196.5
733,2017-10-29,2529.0
734,2017-10-30,3811.5333333333333
735,2017-10-31,3761.3333333333335
736,2017-11-01,3860.325
737,2017-11-02,3665.9032258064517
738,2017-11-03,3887.3125
739,2017-11-04,3141.7631578947367
740,2017-11-05,1751.0526315789473
741,2017-11-06,3479.0
742,2017-11-07,3652.125
743,2017-11-08,3793.478260869565
744,2017-11-09,3975.086956521739
745,2017-11-10,3706.9166666666665
746,2017-11-11,2920.28
747,2017-11-12,2469.8846153846152
748,2017-11-13,3233.206896551724
749,2017-11-14,3613.0434782608695
750,2017-11-15,2884.3333333333335
751,2017-11-16,3911.2083333333335
752,2017-11-17,4555.170212765957
753,2017-11-18,2814.6296296296296
754,2017-11-19,2537.9166666666665
755,2017-11-20,3626.4583333333335
756,2017-11-21,3729.875
757,2017-11-22,3658.9166666666665
758,2017-11-23,2052.9583333333335
759,2017-11-24,2898.1153846153848
760,2017-11-25,2762.2083333333335
761,2017-11-26,2610.8333333333335
762,2017-11-27,3506.7083333333335
763,2017-11-28,3644.375
764,2017-11-29,3813.375
765,2017-11-30,3845.375
766,2017-12-01,4035.5
767,2017-12-02,3348.4166666666665
768,2017-12-03,2524.5
769,2017-12-04,3942.5
770,2017-12-05,2301.6060606060605
771,2017-12-06,3678.53125
772,2017-12-07,3600.4166666666665
773,2017-12-08,3728.5
774,2017-12-09,3130.8333333333335
775,2017-12-10,2476.0416666666665
776,2017-12-11,2909.864864864865
777,2017-12-12,3660.0416666666665
778,2017-12-13,3653.923076923077
779,2017-12-14,3777.653846153846
780,2017-12-15,3635.310344827586
781,2017-12-16,2983.46875
782,2017-12-17,2819.2380952380954
783,2017-12-18,3089.689655172414
784,2017-12-19,3672.5833333333335
785,2017-12-20,3834.222222222222
786,2017-12-21,3673.8333333333335
787,2017-12-22,3472.7083333333335
788,2017-12-23,2545.9565217391305
789,2017-12-24,2246.777777777778
790,2017-12-25,1790.9259259259259
791,2017-12-26,2730.4583333333335
792,2017-12-27,3262.6666666666665
793,2017-12-28,3030.086956521739
794,2017-12-29,3351.5862068965516
795,2017-12-30,2475.0833333333335
796,2017-12-31,2160.125
797,2018-01-01,1749.3333333333333
798,2018-01-02,3365.8928571428573
799,2018-01-03,3286.2
800,2018-01-04,3535.25
801,2018-01-05,3618.9583333333335
802,2018-01-06,2663.2916666666665
803,2018-01-07,2237.3333333333335
804,2018-01-08,3379.5416666666665
805,2018-01-09,3657.5416666666665
806,2018-01-10,3584.4222222222224
807,2018-01-11,2696.3333333333335
808,2018-01-12,3422.875
809,2018-01-13,2649.375
810,2018-01-14,2362.3414634146343
811,2018-01-15,2596.409090909091
812,2018-01-16,3450.8846153846152
813,2018-01-17,3368.9583333333335
814,2018-01-18,3758.086956521739
815,2018-01-19,3729.7916666666665
816,2018-01-20,2764.8928571428573
817,2018-01-21,2362.0
818,2018-01-22,2171.6444444444446
819,2018-01-23,2607.25
820,2018-01-24,3414.16
821,2018-01-25,3780.3953488372094
822,2018-01-26,3478.703703703704
823,2018-01-27,3170.25
824,2018-01-28,2665.44
825,2018-01-29,3520.0
826,2018-01-30,3587.1666666666665
827,2018-01-31,3237.4
828,2018-02-01,3706.0416666666665
829,2018-02-02,3840.7083333333335
830,2018-02-03,2849.25
831,2018-02-04,2013.5714285714287
832,2018-02-05,3585.1153846153848
833,2018-02-06,3500.25
834,2018-02-07,3207.875
835,2018-02-08,3713.8518518518517
836,2018-02-09,3775.2916666666665
837,2018-02-10,3136.6666666666665
838,2018-02-11,2568.5416666666665
839,2018-02-12,3419.625
840,2018-02-13,3737.1666666666665
841,2018-02-14,3448.464285714286
842,2018-02-15,3677.56
843,2018-02-16,3727.8333333333335
844,2018-02-17,2941.8076923076924
845,2018-02-18,2378.2083333333335
846,2018-02-19,2672.317073170732
847,2018-02-20,3212.794117647059
848,2018-02-21,3598.125
849,2018-02-22,3393.3793103448274
850,2018-02-23,2910.8571428571427
851,2018-02-24,2238.0172413793102
852,2018-02-25,1859.5333333333333
853,2018-02-26,3430.1666666666665
854,2018-02-27,3859.4545454545455
855,2018-02-28,3685.875
856,2018-03-01,3768.5416666666665
857,2018-03-02,3759.5555555555557
858,2018-03-03,3076.5
859,2018-03-04,2267.0588235294117
860,2018-03-05,2240.6382978723404
861,2018-03-06,2967.3142857142857
862,2018-03-07,3579.56
863,2018-03-08,3850.7916666666665
864,2018-03-09,4065.3076923076924
865,2018-03-10,3326.2608695652175
866,2018-03-11,2049.45
867,2018-03-12,3558.9583333333335
868,2018-03-13,3691.2916666666665
869,2018-03-14,3692.9583333333335
870,2018-03-15,3870.782608695652
871,2018-03-16,3989.521739130435
872,2018-03-17,3227.3333333333335
873,2018-03-18,2558.9583333333335
874,2018-03-19,3600.7083333333335
875,2018-03-20,3953.222222222222
876,2018-03-21,3872.5384615384614
877,2018-03-22,3835.2083333333335
878,2018-03-23,3941.0416666666665
879,2018-03-24,4032.5555555555557
880,2018-03-25,2553.375
881,2018-03-26,3283.0
882,2018-03-27,3272.5151515151515
883,2018-03-28,3818.730769230769
884,2018-03-29,4046.0434782608695
885,2018-03-30,3769.56
886,2018-03-31,2009.1081081081081
887,2018-04-01,2428.9166666666665
888,2018-04-02,3561.3125
889,2018-04-03,2979.6792452830186
890,2018-04-04,3101.5555555555557
891,2018-04-05,3933.24
892,2018-04-06,3916.1153846153848
893,2018-04-07,3204.8333333333335
894,2018-04-08,2403.5588235294117
895,2018-04-09,3357.6666666666665
896,2018-04-10,3683.75
897,2018-04-11,3478.9310344827586
898,2018-04-12,3747.04
899,2018-04-13,3531.375
900,2018-04-14,1206.5882352941176
901,2018-04-15,1139.05
902,2018-04-16,2889.037037037037
903,2018-04-17,3781.4583333333335
904,2018-04-18,4011.037037037037
905,2018-04-19,3887.8333333333335
906,2018-04-20,3989.0
907,2018-04-21,3229.0833333333335
908,2018-04-22,2696.0416666666665
909,2018-04-23,3632.25
910,2018-04-24,3719.4166666666665
911,2018-04-25,3724.7916666666665
912,2018-04-26,3888.7916666666665
913,2018-04-27,4038.375
914,2018-04-28,3224.1666666666665
915,2018-04-29,2647.6666666666665
916,2018-04-30,3581.6428571428573
917,2018-05-01,3554.28
918,2018-05-02,2854.4848484848485
919,2018-05-03,3759.0
920,2018-05-04,3974.7083333333335
921,2018-05-05,3030.962962962963
922,2018-05-06,2386.24
923,2018-05-07,3577.5
924,2018-05-08,3578.40625
925,2018-05-09,3833.1470588235293
926,2018-05-10,3882.25
927,2018-05-11,3989.6071428571427
928,2018-05-12,2904.3846153846152
929,2018-05-13,2433.2916666666665
930,2018-05-14,3460.735294117647
931,2018-05-15,3025.6363636363635
932,2018-05-16,3827.4583333333335
933,2018-05-17,3857.2083333333335
934,2018-05-18,3855.32
935,2018-05-19,2844.1153846153848
936,2018-05-20,2332.3333333333335
937,2018-05-21,3665.653846153846
938,2018-05-22,3738.5384615384614
939,2018-05-23,3853.32
940,2018-05-24,3449.0666666666666
941,2018-05-25,3214.4545454545455
942,2018-05-26,2567.375
943,2018-05-27,2407.2916666666665
944,2018-05-28,2253.464285714286
945,2018-05-29,3310.864864864865
946,2018-05-30,3610.6944444444443
947,2018-05-31,3519.6585365853657
948,2018-06-01,3954.1666666666665
949,2018-06-02,3466.777777777778
950,2018-06-03,2696.7916666666665
951,2018-06-04,3632.125
952,2018-06-05,3769.4583333333335
953,2018-06-06,4029.714285714286
954,2018-06-07,3876.48
955,2018-06-08,3904.3548387096776
956,2018-06-09,3249.3023255813955
957,2018-06-10,2272.2916666666665
958,2018-06-11,3608.1785714285716
959,2018-06-12,3578.72
960,2018-06-13,3722.8333333333335
961,2018-06-14,3797.875
962,2018-06-15,3903.076923076923
963,2018-06-16,2950.1944444444443
964,2018-06-17,2438.235294117647
965,2018-06-18,3247.5581395348836
966,2018-06-19,3922.6545454545453
967,2018-06-20,3664.0384615384614
968,2018-06-21,3920.48
969,2018-06-22,3903.5
970,2018-06-23,2781.8275862068967
971,2018-06-24,2676.6428571428573
972,2018-06-25,3532.3333333333335
973,2018-06-26,3172.5789473684213
974,2018-06-27,3757.9583333333335
975,2018-06-28,3805.8846153846152
976,2018-06-29,3774.0833333333335
977,2018-06-30,2732.52
978,2018-07-01,2420.945945945946
979,2018-07-02,3404.5
980,2018-07-03,3627.9655172413795
981,2018-07-04,2059.9333333333334
982,2018-07-05,3134.64
983,2018-07-06,3323.875
984,2018-07-07,2671.9166666666665
985,2018-07-08,2557.5833333333335
986,2018-07-09,3375.3846153846152
987,2018-07-10,3673.64
988,2018-07-11,3673.875
989,2018-07-12,3483.764705882353
990,2018-07-13,3503.318181818182
991,2018-07-14,2369.029411764706
992,2018-07-15,2353.153846153846
993,2018-07-16,3485.5416666666665
994,2018-07-17,3607.25
995,2018-07-18,3711.6666666666665
996,2018-07-19,3859.5555555555557
997,2018-07-20,3473.0666666666666
998,2018-07-21,2996.0416666666665
999,2018-07-22,2663.6666666666665
1000,2018-07-23,3342.5666666666666
1001,2018-07-24,3632.9583333333335
1002,2018-07-25,3982.296296296296
1003,2018-07-26,3874.0
1004,2018-07-27,3693.3333333333335
1005,2018-07-28,2679.16
1006,2018-07-29,2768.733333333333
1007,2018-07-30,3558.12
1008,2018-07-31,3549.1666666666665
1009,2018-08-01,3889.103448275862
1010,2018-08-02,3681.4583333333335
1011,2018-08-03,3543.46875
1012,2018-08-04,2833.121212121212
1013,2018-08-05,2512.5
1014,2018-08-06,3563.8387096774195
1015,2018-08-07,3710.6428571428573
1016,2018-08-08,3528.076923076923
1017,2018-08-09,3589.483870967742
1018,2018-08-10,3657.72
1019,2018-08-11,2579.0689655172414
1020,2018-08-12,2246.3548387096776
1021,2018-08-13,3474.2083333333335
1022,2018-08-14,3730.125
1023,2018-08-15,3622.0416666666665
1024,2018-08-16,3794.56
1025,2018-08-17,3634.5384615384614
1026,2018-08-18,2792.6060606060605
1027,2018-08-19,2774.9166666666665
1028,2018-08-20,3828.75
1029,2018-08-21,3637.2916666666665
1030,2018-08-22,3695.5833333333335
1031,2018-08-23,3978.086956521739
1032,2018-08-24,4216.245901639344
1033,2018-08-25,2688.3333333333335
1034,2018-08-26,2312.090909090909
1035,2018-08-27,3286.655172413793
1036,2018-08-28,3742.6511627906975
1037,2018-08-29,3935.214285714286
1038,2018-08-30,3728.8888888888887
1039,2018-08-31,3428.5454545454545
1040,2018-09-01,3119.3793103448274
1041,2018-09-02,2337.71875
1042,2018-09-03,2029.0697674418604
1043,2018-09-04,3623.934426229508
1044,2018-09-05,3445.34375
1045,2018-09-06,3235.6451612903224
1046,2018-09-07,3698.4166666666665
1047,2018-09-08,2818.9583333333335
1048,2018-09-09,2472.3333333333335
1049,2018-09-10,3511.0416666666665
1050,2018-09-11,3721.6666666666665
1051,2018-09-12,3883.269230769231
1052,2018-09-13,3680.9166666666665
1053,2018-09-14,3776.0
1054,2018-09-15,2871.72
1055,2018-09-16,2458.4583333333335
1056,2018-09-17,3887.542857142857
1057,2018-09-18,3399.1521739130435
1058,2018-09-19,3766.4821428571427
1059,2018-09-20,3621.4375
1060,2018-09-21,3706.90625
1061,2018-09-22,3099.9166666666665
1062,2018-09-23,2530.875
1063,2018-09-24,3108.714285714286
1064,2018-09-25,3446.451612903226
1065,2018-09-26,3692.7916666666665
1066,2018-09-27,3777.36
1067,2018-09-28,3854.9166666666665
1068,2018-09-29,3049.68
1069,2018-09-30,2645.576923076923
